{
  "properties": {
    "connectionReferences": {
      "shared_office365": {
        "runtimeSource": "embedded",
        "connection": {
          "connectionReferenceLogicalName": "crf80_sharedoffice365_7daff"
        },
        "api": {
          "name": "shared_office365"
        }
      }
    },
    "definition": {
      "$schema": "https://schema.management.azure.com/providers/Microsoft.Logic/schemas/2016-06-01/workflowdefinition.json#",
      "contentVersion": "1.0.0.0",
      "parameters": {
        "$connections": {
          "defaultValue": {},
          "type": "Object"
        },
        "$authentication": {
          "defaultValue": {},
          "type": "SecureObject"
        }
      },
      "triggers": {
        "manual": {
          "metadata": {
            "operationMetadataId": "dc5fbd4e-cd6f-4154-9f14-32c9a9d30a0e"
          },
          "type": "Request",
          "kind": "PowerAppV2",
          "inputs": {
            "schema": {
              "type": "object",
              "properties": {
                "text": {
                  "title": "TaskName",
                  "type": "string",
                  "x-ms-dynamically-added": true,
                  "description": "Please enter the task name",
                  "x-ms-content-hint": "TEXT"
                }
              },
              "required": [
                "text"
              ]
            }
          }
        }
      },
      "actions": {
        "Send_an_email_(V2)": {
          "runAfter": {},
          "metadata": {
            "operationMetadataId": "4af9f87d-fdd0-4cfa-8b57-a5de69b0ef01"
          },
          "type": "OpenApiConnection",
          "inputs": {
            "host": {
              "connectionName": "shared_office365",
              "operationId": "SendEmailV2",
              "apiId": "/providers/Microsoft.PowerApps/apis/shared_office365"
            },
            "parameters": {
              "emailMessage/To": "ReneeG@GOV000562.onmicrosoft.com;PatrickO'G@GOV000562.onmicrosoft.com;LoriD@GOV000562.onmicrosoft.com;WillbertArevalo-S@GOV000562.onmicrosoft.com;ReeseW@GOV000562.onmicrosoft.com;QuinnJ@GOV000562.onmicrosoft.com",
              "emailMessage/Subject": "A task was completed!",
              "emailMessage/Body": "<p>@{triggerBody()['text']} has been marked as completed!</p>",
              "emailMessage/Importance": "Normal"
            },
            "authentication": "@parameters('$authentication')"
          }
        }
      }
    },
    "templateName": ""
  },
  "schemaVersion": "1.0.0.0"
}