{
  "properties": {
    "connectionReferences": {
      "shared_office365": {
        "runtimeSource": "embedded",
        "connection": {
          "connectionReferenceLogicalName": "crf80_sharedoffice365_2b6c3"
        },
        "api": {
          "name": "shared_office365"
        }
      },
      "shared_commondataserviceforapps": {
        "impersonation": {
          "source": "invoker"
        },
        "runtimeSource": "embedded",
        "connection": {
          "connectionReferenceLogicalName": "crf80_sharedcommondataserviceforapps_346ce"
        },
        "api": {
          "name": "shared_commondataserviceforapps"
        }
      },
      "shared_teams": {
        "runtimeSource": "embedded",
        "connection": {
          "connectionReferenceLogicalName": "crf80_sharedteams_11ed0"
        },
        "api": {
          "name": "shared_teams"
        }
      }
    },
    "definition": {
      "$schema": "https://schema.management.azure.com/providers/Microsoft.Logic/schemas/2016-06-01/workflowdefinition.json#",
      "contentVersion": "1.0.0.0",
      "parameters": {
        "$connections": {
          "defaultValue": {},
          "type": "Object"
        },
        "$authentication": {
          "defaultValue": {},
          "type": "SecureObject"
        }
      },
      "triggers": {
        "When_a_row_is_added,_modified_or_deleted": {
          "metadata": {
            "operationMetadataId": "c57cf87e-0ca5-4a5b-ae4c-f1339d9cdfd0"
          },
          "type": "OpenApiConnectionWebhook",
          "inputs": {
            "host": {
              "connectionName": "shared_commondataserviceforapps",
              "operationId": "SubscribeWebhookTrigger",
              "apiId": "/providers/Microsoft.PowerApps/apis/shared_commondataserviceforapps"
            },
            "parameters": {
              "subscriptionRequest/message": 1,
              "subscriptionRequest/entityname": "crf80_tasklist",
              "subscriptionRequest/scope": 4
            },
            "authentication": "@parameters('$authentication')"
          }
        }
      },
      "actions": {
        "Send_an_email_(V2)": {
          "runAfter": {
            "Apply_to_each": [
              "Succeeded"
            ]
          },
          "metadata": {
            "operationMetadataId": "6ec65fa0-5853-4a92-b14b-70a2334e145b"
          },
          "type": "OpenApiConnection",
          "inputs": {
            "host": {
              "connectionName": "shared_office365",
              "operationId": "SendEmailV2",
              "apiId": "/providers/Microsoft.PowerApps/apis/shared_office365"
            },
            "parameters": {
              "emailMessage/To": "WillbertArevalo-S@GOV000562.onmicrosoft.com;ReeseW@GOV000562.onmicrosoft.com;LoriD@GOV000562.onmicrosoft.com;QuinnJ@GOV000562.onmicrosoft.com;ReneeG@GOV000562.onmicrosoft.com;PatrickO'G@GOV000562.onmicrosoft.com",
              "emailMessage/Subject": "New Request - @{triggerOutputs()?['body/crf80_name']}",
              "emailMessage/Body": "<p>There is a new request in the system.</p>",
              "emailMessage/Importance": "Normal"
            },
            "authentication": "@parameters('$authentication')"
          }
        },
        "List_rows": {
          "runAfter": {
            "Initialize_variable": [
              "Succeeded"
            ]
          },
          "metadata": {
            "operationMetadataId": "ca248b26-e8c8-4315-b604-c3dbfb7e42fc"
          },
          "type": "OpenApiConnection",
          "inputs": {
            "host": {
              "connectionName": "shared_commondataserviceforapps",
              "operationId": "ListRecords",
              "apiId": "/providers/Microsoft.PowerApps/apis/shared_commondataserviceforapps"
            },
            "parameters": {
              "entityName": "crf80_tasklistitems",
              "$filter": "_crf80_actiontype_value eq '@{triggerOutputs()?['body/_crf80_requesttype_value']}'"
            },
            "authentication": "@parameters('$authentication')"
          }
        },
        "Apply_to_each": {
          "foreach": "@outputs('List_rows')?['body/value']",
          "actions": {
            "Add_a_new_row": {
              "runAfter": {},
              "metadata": {
                "operationMetadataId": "1ce7ec21-02e2-41ea-9923-125facc9790c"
              },
              "type": "OpenApiConnection",
              "inputs": {
                "host": {
                  "connectionName": "shared_commondataserviceforapps",
                  "operationId": "CreateRecord",
                  "apiId": "/providers/Microsoft.PowerApps/apis/shared_commondataserviceforapps"
                },
                "parameters": {
                  "entityName": "crf80_taskses",
                  "item/crf80_duedate": "@addDays(variables('RequestDate'),7)",
                  "item/crf80_name": "New Request Task Item - @{outputs('Get_a_row_by_ID_-_Employee')?['body/fullname']}  -  @{outputs('Get_a_row_by_ID_-_Request_Type')?['body/crf80_name']} - @{items('Apply_to_each')?['crf80_name']}",
                  "item/crf80_completed": false,
                  "item/crf80_Request@odata.bind": "crf80_tasklists(@{triggerOutputs()?['body/crf80_tasklistid']})",
                  "item/crf80_responsibleroleg": "@items('Apply_to_each')?['crf80_responsibleroleg']",
                  "item/crf80_TaskRef@odata.bind": "crf80_taskses(@{items('Apply_to_each')?['crf80_tasklistitemid']})"
                },
                "authentication": "@parameters('$authentication')"
              }
            },
            "Set_variable": {
              "runAfter": {
                "Add_a_new_row": [
                  "Succeeded"
                ]
              },
              "metadata": {
                "operationMetadataId": "fe148a92-0cb4-4990-8c20-4861f9ae2f6d"
              },
              "type": "SetVariable",
              "inputs": {
                "name": "ResponsibleRole",
                "value": "@{items('Apply_to_each')?['crf80_responsibleroleg']}"
              }
            },
            "Switch": {
              "runAfter": {
                "Set_variable": [
                  "Succeeded"
                ]
              },
              "cases": {
                "Case_-_Employee": {
                  "case": "449490000",
                  "actions": {
                    "Post_message_in_a_chat_or_channel_3": {
                      "runAfter": {},
                      "type": "OpenApiConnection",
                      "inputs": {
                        "host": {
                          "connectionName": "shared_teams",
                          "operationId": "PostMessageToConversation",
                          "apiId": "/providers/Microsoft.PowerApps/apis/shared_teams"
                        },
                        "parameters": {
                          "poster": "Flow bot",
                          "location": "Chat with Flow bot",
                          "body/recipient": "@{outputs('Get_a_row_by_ID_-_Employee')?['body/internalemailaddress']};",
                          "body/messageBody": "<p>You have a new request in the Onboarding/Offboarding system.</p>"
                        },
                        "authentication": "@parameters('$authentication')"
                      }
                    }
                  }
                },
                "Case_-_Supervisor": {
                  "case": "449490001",
                  "actions": {}
                },
                "Case_-_Security": {
                  "case": "449490002",
                  "actions": {
                    "Post_message_in_a_chat_or_channel": {
                      "runAfter": {},
                      "type": "OpenApiConnection",
                      "inputs": {
                        "host": {
                          "connectionName": "shared_teams",
                          "operationId": "PostMessageToConversation",
                          "apiId": "/providers/Microsoft.PowerApps/apis/shared_teams"
                        },
                        "parameters": {
                          "poster": "Flow bot",
                          "location": "Channel",
                          "body/recipient/groupId": "d97e1b4d-e9cf-4bb3-8302-dad68f65332d",
                          "body/recipient/channelId": "19:96730a55f9d14befa1af0400ad90ebb8@thread.tacv2",
                          "body/messageBody": "<p>You have a new request in the onboarding/offboarding system.</p>"
                        },
                        "authentication": "@parameters('$authentication')"
                      }
                    }
                  }
                },
                "Case_-_IT_Personnel": {
                  "case": "449490003",
                  "actions": {
                    "Post_message_in_a_chat_or_channel_2": {
                      "runAfter": {},
                      "type": "OpenApiConnection",
                      "inputs": {
                        "host": {
                          "connectionName": "shared_teams",
                          "operationId": "PostMessageToConversation",
                          "apiId": "/providers/Microsoft.PowerApps/apis/shared_teams"
                        },
                        "parameters": {
                          "poster": "Flow bot",
                          "location": "Channel",
                          "body/recipient/groupId": "d97e1b4d-e9cf-4bb3-8302-dad68f65332d",
                          "body/recipient/channelId": "19:266db6d06cd243ec8e2c564cd1b12a33@thread.tacv2",
                          "body/messageBody": "<p>You have a new request in the Onboarding/Offboarding system.</p>"
                        },
                        "authentication": "@parameters('$authentication')"
                      }
                    }
                  }
                },
                "Case_-_Human_Resources": {
                  "case": "449490004",
                  "actions": {
                    "Post_message_in_a_chat_or_channel_4": {
                      "runAfter": {},
                      "type": "OpenApiConnection",
                      "inputs": {
                        "host": {
                          "connectionName": "shared_teams",
                          "operationId": "PostMessageToConversation",
                          "apiId": "/providers/Microsoft.PowerApps/apis/shared_teams"
                        },
                        "parameters": {
                          "poster": "Flow bot",
                          "location": "Channel",
                          "body/recipient/groupId": "d97e1b4d-e9cf-4bb3-8302-dad68f65332d",
                          "body/recipient/channelId": "19:2b22d9b5147b4e3c9a578dc70ba6670d@thread.tacv2",
                          "body/messageBody": "<p>You have a new request in the onboarding/offboarding system.</p>"
                        },
                        "authentication": "@parameters('$authentication')"
                      }
                    }
                  }
                }
              },
              "default": {
                "actions": {}
              },
              "expression": "@variables('ResponsibleRole')",
              "metadata": {
                "operationMetadataId": "27b0faca-2ce4-45d2-b787-d9140eac3815"
              },
              "type": "Switch"
            }
          },
          "runAfter": {
            "Initialize_variable_2": [
              "Succeeded"
            ]
          },
          "metadata": {
            "operationMetadataId": "dd486487-3952-44c8-aec6-f42a30125840"
          },
          "type": "Foreach"
        },
        "Get_a_row_by_ID_-_Employee": {
          "runAfter": {
            "List_rows": [
              "Succeeded"
            ]
          },
          "metadata": {
            "operationMetadataId": "80b45f37-789a-437e-b335-cd0f66002620"
          },
          "type": "OpenApiConnection",
          "inputs": {
            "host": {
              "connectionName": "shared_commondataserviceforapps",
              "operationId": "GetItem",
              "apiId": "/providers/Microsoft.PowerApps/apis/shared_commondataserviceforapps"
            },
            "parameters": {
              "entityName": "systemusers",
              "recordId": "@triggerOutputs()?['body/_crf80_employee_value']"
            },
            "authentication": "@parameters('$authentication')"
          }
        },
        "Get_a_row_by_ID_-_Request_Type": {
          "runAfter": {
            "Get_a_row_by_ID_-_Employee": [
              "Succeeded"
            ]
          },
          "metadata": {
            "operationMetadataId": "9b258aab-6446-43cc-bc85-c6cb29bb0a7e"
          },
          "type": "OpenApiConnection",
          "inputs": {
            "host": {
              "connectionName": "shared_commondataserviceforapps",
              "operationId": "GetItem",
              "apiId": "/providers/Microsoft.PowerApps/apis/shared_commondataserviceforapps"
            },
            "parameters": {
              "entityName": "crf80_actions",
              "recordId": "@triggerOutputs()?['body/_crf80_requesttype_value']"
            },
            "authentication": "@parameters('$authentication')"
          }
        },
        "Apply_to_each_2": {
          "foreach": "@outputs('List_rows')?['body/value']",
          "actions": {
            "Compose": {
              "runAfter": {},
              "metadata": {
                "operationMetadataId": "3db3df31-5924-494e-af4e-8f8926a15855"
              },
              "type": "Compose",
              "inputs": "@items('Apply_to_each_2')?['crf80_responsiblerole']"
            }
          },
          "runAfter": {
            "Get_a_row_by_ID_-_Request_Type": [
              "Succeeded"
            ]
          },
          "metadata": {
            "operationMetadataId": "e5cc8848-b8bc-46c6-b214-bd97b39daf2f"
          },
          "type": "Foreach"
        },
        "Initialize_variable": {
          "runAfter": {},
          "metadata": {
            "operationMetadataId": "3ee20a82-9f08-4c18-a07c-8a662c5b4101"
          },
          "type": "InitializeVariable",
          "inputs": {
            "variables": [
              {
                "name": "RequestDate",
                "type": "string",
                "value": "@triggerOutputs()?['body/crf80_dateofaction']"
              }
            ]
          }
        },
        "Initialize_variable_2": {
          "runAfter": {
            "Apply_to_each_2": [
              "Succeeded"
            ]
          },
          "metadata": {
            "operationMetadataId": "317c7480-053b-4438-8681-a02b33b81562"
          },
          "type": "InitializeVariable",
          "inputs": {
            "variables": [
              {
                "name": "ResponsibleRole",
                "type": "string"
              }
            ]
          }
        }
      }
    },
    "templateName": ""
  },
  "schemaVersion": "1.0.0.0"
}