{
  "properties": {
    "connectionReferences": {
      "shared_commondataserviceforapps": {
        "runtimeSource": "embedded",
        "connection": {
          "connectionReferenceLogicalName": "crf80_sharedcommondataserviceforapps_212c6"
        },
        "api": {
          "name": "shared_commondataserviceforapps"
        }
      },
      "shared_office365": {
        "runtimeSource": "embedded",
        "connection": {
          "connectionReferenceLogicalName": "crf80_sharedoffice365_f53e1"
        },
        "api": {
          "name": "shared_office365"
        }
      }
    },
    "definition": {
      "$schema": "https://schema.management.azure.com/providers/Microsoft.Logic/schemas/2016-06-01/workflowdefinition.json#",
      "contentVersion": "1.0.0.0",
      "parameters": {
        "$connections": {
          "defaultValue": {},
          "type": "Object"
        },
        "$authentication": {
          "defaultValue": {},
          "type": "SecureObject"
        }
      },
      "triggers": {
        "Recurrence": {
          "recurrence": {
            "frequency": "Day",
            "interval": 1,
            "startTime": "2022-11-16T15:00:00Z"
          },
          "metadata": {
            "operationMetadataId": "8f3cee3a-f86b-4620-b84a-358212e53b7c"
          },
          "type": "Recurrence"
        }
      },
      "actions": {
        "Get_Incomplete_Tasks": {
          "runAfter": {},
          "metadata": {
            "operationMetadataId": "aa4da169-ae31-4460-b29f-5b092bc9ab5c"
          },
          "type": "OpenApiConnection",
          "inputs": {
            "host": {
              "connectionName": "shared_commondataserviceforapps",
              "operationId": "ListRecords",
              "apiId": "/providers/Microsoft.PowerApps/apis/shared_commondataserviceforapps"
            },
            "parameters": {
              "entityName": "crf80_taskses",
              "$filter": "crf80_completed eq false"
            },
            "authentication": "@parameters('$authentication')"
          }
        },
        "Apply_to_each": {
          "foreach": "@outputs('Get_Incomplete_Tasks')?['body/value']",
          "actions": {
            "calculate_days_to_due_date": {
              "runAfter": {},
              "metadata": {
                "operationMetadataId": "aff83fed-d4ea-4d1d-b0f3-03342c11fc7b"
              },
              "type": "Compose",
              "inputs": "@div(sub(ticks(formatDateTime(items('Apply_to_each')?['crf80_duedate'],'yyy-MM-dd')),ticks(formatDateTime(utcNow(),'yyy-MM-dd'))),864000000000)"
            },
            "Condition": {
              "actions": {
                "Append_to_string_variable": {
                  "runAfter": {},
                  "metadata": {
                    "operationMetadataId": "423c2f66-e250-45aa-a84a-447d2d8f5300"
                  },
                  "type": "AppendToStringVariable",
                  "inputs": {
                    "name": "Email Message Body",
                    "value": "@{variables('New Line')}\n@{items('Apply_to_each')?['crf80_name']}"
                  }
                }
              },
              "runAfter": {
                "calculate_days_to_due_date": [
                  "Succeeded"
                ]
              },
              "expression": {
                "lessOrEquals": [
                  "@outputs('calculate_days_to_due_date')",
                  7
                ]
              },
              "metadata": {
                "operationMetadataId": "cc8fd548-152b-4ae1-97ae-f0d12df5d9db"
              },
              "type": "If"
            }
          },
          "runAfter": {
            "Initialize_New_Line": [
              "Succeeded"
            ]
          },
          "metadata": {
            "operationMetadataId": "f01d7bb6-b0fe-4a54-9d2b-71788c9a7880"
          },
          "type": "Foreach"
        },
        "Initialize_Email_Message_Body": {
          "runAfter": {
            "Get_Incomplete_Tasks": [
              "Succeeded"
            ]
          },
          "metadata": {
            "operationMetadataId": "3da6bcf8-1f27-412a-9c57-db2405c71bfc"
          },
          "type": "InitializeVariable",
          "inputs": {
            "variables": [
              {
                "name": "Email Message Body",
                "type": "string",
                "value": "Reese, You are receiving this email because you have an employee that is either starting or leaving soon.  Here are the remaining items that need to be done within the next 7 days.<br />"
              }
            ]
          }
        },
        "Send_an_email_(V2)": {
          "runAfter": {
            "Apply_to_each": [
              "Succeeded"
            ]
          },
          "metadata": {
            "operationMetadataId": "8f5a6619-d3a9-478d-9b96-f65793fbff0e"
          },
          "type": "OpenApiConnection",
          "inputs": {
            "host": {
              "connectionName": "shared_office365",
              "operationId": "SendEmailV2",
              "apiId": "/providers/Microsoft.PowerApps/apis/shared_office365"
            },
            "parameters": {
              "emailMessage/To": "ReeseW@GOV000562.onmicrosoft.com",
              "emailMessage/Subject": "Employee On/Offboarding - Needs Attention",
              "emailMessage/Body": "<p>@{variables('Email Message Body')}</p>",
              "emailMessage/Importance": "Normal"
            },
            "authentication": "@parameters('$authentication')"
          }
        },
        "Initialize_New_Line": {
          "runAfter": {
            "Initialize_Email_Message_Body": [
              "Succeeded"
            ]
          },
          "metadata": {
            "operationMetadataId": "9a0c77b6-9bea-4b06-baed-50e178f23abe"
          },
          "type": "InitializeVariable",
          "inputs": {
            "variables": [
              {
                "name": "New Line",
                "type": "string",
                "value": "<br />\n"
              }
            ]
          }
        }
      }
    },
    "templateName": ""
  },
  "schemaVersion": "1.0.0.0"
}