<ImportExportXml version="9.2.22103.222" SolutionPackageVersion="9.2" languagecode="1033" generatedBy="CrmLive" xmlns:xsi="http://www.w3.org/2001/XMLSchema-instance">
  <SolutionManifest>
    <UniqueName>ExportComponentsd7fc611e8ca04cfa97420ceae7cf7bea</UniqueName>
    <LocalizedNames>
      <LocalizedName description="ExportComponentsd7fc611e8ca04cfa97420ceae7cf7bea" languagecode="1033" />
    </LocalizedNames>
    <Descriptions />
    <Version>1.0</Version>
    <Managed>0</Managed>
    <Publisher>
      <UniqueName>Crd966e</UniqueName>
      <LocalizedNames>
        <LocalizedName description="CDS Default Publisher" languagecode="1033" />
      </LocalizedNames>
      <Descriptions />
      <EMailAddress xsi:nil="true"></EMailAddress>
      <SupportingWebsiteUrl xsi:nil="true"></SupportingWebsiteUrl>
      <CustomizationPrefix>crf80</CustomizationPrefix>
      <CustomizationOptionValuePrefix>44949</CustomizationOptionValuePrefix>
    </Publisher>
    <RootComponents>
      <RootComponent type="1" schemaName="appusersetting" behavior="2" />
      <RootComponent type="1" schemaName="bot" behavior="2" />
      <RootComponent type="1" schemaName="crf80_action" behavior="0" />
      <RootComponent type="1" schemaName="crf80_employee" behavior="0" />
      <RootComponent type="1" schemaName="crf80_tasklist" behavior="0" />
      <RootComponent type="1" schemaName="crf80_tasklistitem" behavior="0" />
      <RootComponent type="1" schemaName="crf80_tasks" behavior="0" />
      <RootComponent type="1" schemaName="systemuser" behavior="0" />
      <RootComponent type="9" schemaName="crf80_roles" behavior="0" />
      <RootComponent type="29" id="{4b36c43a-ce65-ed11-9562-001dd80718f1}" behavior="0" />
      <RootComponent type="29" id="{6dd65455-0265-ed11-9562-001dd80718f1}" behavior="0" />
      <RootComponent type="29" id="{950a0edd-1766-ed11-9562-001dd80718f1}" behavior="0" />
      <RootComponent type="300" schemaName="crf80_onboardingandoffboardingld_05bef" behavior="0" />
      <RootComponent type="300" schemaName="crf80_onboardingandoffboarding_d82a9" behavior="0" />
      <RootComponent type="300" schemaName="crf80_onboardingoffboardingadminld_9626a" behavior="0" />
      <RootComponent type="300" schemaName="crf80_onboardingoffboardingadmin_125fc" behavior="0" />
    </RootComponents>
    <MissingDependencies>
      <MissingDependency>
        <Required type="1" schemaName="appusersetting" displayName="Model-Driven App User Setting" solution="AppModule (9.1.22073.220708001)" />
        <Dependent type="1" schemaName="appusersetting" displayName="Model-Driven App User Setting" />
      </MissingDependency>
      <MissingDependency>
        <Required type="1" schemaName="appusersetting" displayName="Model-Driven App User Setting" solution="AppModule (9.1.22073.220708001)" />
        <Dependent type="10" schemaName="systemuser_appusersetting_userId" displayName="systemuser_appusersetting_userId" parentSchemaName="systemuser" parentDisplayName="User" />
      </MissingDependency>
      <MissingDependency>
        <Required type="1" schemaName="bot" displayName="Chatbot" solution="PowerVirtualAgents (2.0.0.338)">
          <package>msdynce_CustomerCareIntelligenceBots_Anchor (2.0.0.338)</package>
        </Required>
        <Dependent type="1" schemaName="bot" displayName="Chatbot" />
      </MissingDependency>
      <MissingDependency>
        <Required type="1" schemaName="bot" displayName="Chatbot" solution="PowerVirtualAgents (2.0.0.338)">
          <package>msdynce_CustomerCareIntelligenceBots_Anchor (2.0.0.338)</package>
        </Required>
        <Dependent type="10" schemaName="systemuser_bot_publishedby" displayName="systemuser_bot_publishedby" parentSchemaName="systemuser" parentDisplayName="User" />
      </MissingDependency>
      <MissingDependency>
        <Required type="10" schemaName="systemuser_appusersetting_userId" displayName="systemuser_appusersetting_userId" parentSchemaName="systemuser" parentDisplayName="User" solution="AppModule (9.1.22073.220708001)" />
        <Dependent type="10" schemaName="systemuser_appusersetting_userId" displayName="systemuser_appusersetting_userId" parentSchemaName="systemuser" parentDisplayName="User" />
      </MissingDependency>
      <MissingDependency>
        <Required type="10" schemaName="systemuser_bot_publishedby" displayName="systemuser_bot_publishedby" parentSchemaName="systemuser" parentDisplayName="User" solution="PowerVirtualAgents (2.0.0.338)">
          <package>msdynce_CustomerCareIntelligenceBots_Anchor (2.0.0.338)</package>
        </Required>
        <Dependent type="10" schemaName="systemuser_bot_publishedby" displayName="systemuser_bot_publishedby" parentSchemaName="systemuser" parentDisplayName="User" />
      </MissingDependency>
      <MissingDependency>
        <Required type="2" schemaName="userid" displayName="User" parentSchemaName="appusersetting" parentDisplayName="Model-Driven App User Setting" solution="AppModule (9.1.22073.220708001)" />
        <Dependent type="10" schemaName="systemuser_appusersetting_userId" displayName="systemuser_appusersetting_userId" parentSchemaName="systemuser" parentDisplayName="User" />
      </MissingDependency>
      <MissingDependency>
        <Required type="2" schemaName="userid" displayName="User" parentSchemaName="appusersetting" parentDisplayName="Model-Driven App User Setting" solution="AppModule (9.1.22073.220708001)" />
        <Dependent type="2" schemaName="userid" displayName="User" parentSchemaName="appusersetting" parentDisplayName="Model-Driven App User Setting" />
      </MissingDependency>
      <MissingDependency>
        <Required type="2" schemaName="publishedby" displayName="Published By" parentSchemaName="bot" parentDisplayName="Chatbot" solution="PowerVirtualAgents (2.0.0.338)">
          <package>msdynce_CustomerCareIntelligenceBots_Anchor (2.0.0.338)</package>
        </Required>
        <Dependent type="10" schemaName="systemuser_bot_publishedby" displayName="systemuser_bot_publishedby" parentSchemaName="systemuser" parentDisplayName="User" />
      </MissingDependency>
      <MissingDependency>
        <Required type="2" schemaName="publishedby" displayName="Published By" parentSchemaName="bot" parentDisplayName="Chatbot" solution="PowerVirtualAgents (2.0.0.338)">
          <package>msdynce_CustomerCareIntelligenceBots_Anchor (2.0.0.338)</package>
        </Required>
        <Dependent type="2" schemaName="publishedby" displayName="Published By" parentSchemaName="bot" parentDisplayName="Chatbot" />
      </MissingDependency>
    </MissingDependencies>
  </SolutionManifest>
</ImportExportXml>